{"score": 17.008960852267656, "_timestamp": 1716135966.5155027, "_runtime": 2.480459690093994, "_step": 0, "_wandb": {"runtime": 2}}