{"accuracy": 0.55, "loss": 0.6812480092048645, "_timestamp": 1716139149.0425773, "_runtime": 11.88705325126648, "_step": 19, "_wandb": {"runtime": 11}}