{"score": 14.003684934939116, "_timestamp": 1716136646.4269512, "_runtime": 2.530186176300049, "_step": 0, "_wandb": {"runtime": 2}}