{"score": 23.003679108477563, "_timestamp": 1716137310.0678413, "_runtime": 2.5691072940826416, "_step": 0, "_wandb": {"runtime": 2}}