{"predict_loss": 0.0005228332498745344, "rollout_loss": 0.0005069389067141679, "_timestamp": 1715250601.4191923, "_runtime": 182.77360725402832, "_step": 1, "MSE": 7.172778575708393e-06, "RMSE": 8.815423638952385e-05, "MAE": 6.403254984776092e-05, "SSIM": 0.018577377302804204, "PSNR": 0.023609004325494735}