{"accuracy": 0.58, "loss": 0.6527642011642456, "_timestamp": 1716139174.4452293, "_runtime": 4.18565821647644, "_step": 9, "_wandb": {"runtime": 3}}