{"accuracy": 0.79, "loss": 0.42768874764442444, "_timestamp": 1716139189.341293, "_runtime": 7.683847188949585, "_step": 19, "_wandb": {"runtime": 7}}