{"accuracy": 0.71, "loss": 0.4131447970867157, "_timestamp": 1716139307.5531821, "_runtime": 38.590004205703735, "_step": 19, "_wandb": {"runtime": 38}}