{"accuracy": 0.45, "loss": 0.780464231967926, "_timestamp": 1716139160.0443797, "_runtime": 4.582683801651001, "_step": 9, "_wandb": {"runtime": 4}}