{"accuracy": 0.75, "loss": 0.5346927642822266, "_timestamp": 1716139259.8472068, "_runtime": 6.285329818725586, "_step": 9, "_wandb": {"runtime": 5}}