{"predict_loss": 4.5449034461275245e-06, "rollout_loss": 4.788915868247999e-06, "_timestamp": 1715340972.3464277, "_runtime": 86326.0181965828, "_step": 392}