{"predict_loss": 2.9305313968219765e-05, "rollout_loss": 2.907274849815729e-05, "_timestamp": 1715252805.9037724, "_runtime": 507.9188582897186, "_step": 2, "_wandb": {"runtime": 542}}