{"predict_loss": 9.795640098551909e-05, "rollout_loss": 9.908031959397098e-05, "_timestamp": 1715254035.8172002, "_runtime": 850.3520271778107, "_step": 2, "_wandb": {"runtime": 870}}