{"score": 24.003590471272336, "_timestamp": 1716137127.0719259, "_runtime": 2.676255941390991, "_step": 0, "_wandb": {"runtime": 2}}