{"predict_loss": 5.633588143003484e-05, "rollout_loss": 5.6841482718785605e-05, "_timestamp": 1715343920.9359293, "_runtime": 86273.5572502613, "_step": 282}