{"accuracy": 0.94, "loss": 0.3036220669746399, "_timestamp": 1716139244.5433836, "_runtime": 11.477043628692627, "_step": 19, "_wandb": {"runtime": 11}}