{"accuracy": 0.48, "loss": 0.6965029239654541, "_timestamp": 1716139223.6380014, "_runtime": 6.03964638710022, "_step": 4, "_wandb": {"runtime": 5}}