{"accuracy": 0.75, "loss": 0.6213052272796631, "_timestamp": 1716139331.9360957, "_runtime": 15.570382833480835, "_step": 19, "_wandb": {"runtime": 15}}