{"predict_loss": 7.930623561454316e-05, "rollout_loss": 7.932134252041578e-05, "_timestamp": 1715255036.8405442, "_runtime": 857.7241332530975, "_step": 2, "_wandb": {"runtime": 860}}