{"predict_loss": 2.467724500037267e-05, "rollout_loss": 2.442581729036986e-05, "_timestamp": 1715251877.5983057, "_runtime": 502.0800178050995, "_step": 2, "_wandb": {"runtime": 536}}