{"score": 22.009647291725898, "_timestamp": 1716137320.819404, "_runtime": 2.9690799713134766, "_step": 0, "_wandb": {"runtime": 2}}