{"predict_loss": 0.00020943782314168454, "rollout_loss": 0.000209140363186639, "_timestamp": 1715250156.1192691, "_runtime": 505.04696106910706, "_step": 2, "_wandb": {"runtime": 538}}