{"accuracy": 0.6, "loss": 0.6380177736282349, "_timestamp": 1716139201.9373894, "_runtime": 5.07951545715332, "_step": 9, "_wandb": {"runtime": 4}}