{"predict_loss": 6.324129419711728e-05, "rollout_loss": 6.330385555823644e-05, "_timestamp": 1715256037.5865664, "_runtime": 901.371087551117, "_step": 2, "_wandb": {"runtime": 917}}