{"score": 13.00108876976906, "_timestamp": 1716136428.9885201, "_runtime": 2.519219160079956, "_step": 0, "_wandb": {"runtime": 2}}